Company,Job Title,Job Description,Job Keywords,Job URL
大數據股份有限公司,數據分析工讀生 / Data Analysis Intern,"你是個喜歡無時無刻都掛在網路上的人？ 
鄉民網友的夯話題常激起你的創意？ 
擅長邏輯思考、不會害怕畫數據圖表、做簡報 
你可能就是我們正在找的人 

公司2015年於台科大成立數據研究中心，專研數據帶來的創新思維，透過數據，我們聚集各領域的專家，檢視時下重要議題及產業趨勢，推出『KEYPO大數據關鍵引擎』，擁有巨量資料，透過人工智慧做語意分析，並且以視覺圖表呈現，讓用戶像是24小時都擁有龐大的數據資料專家一樣，輕鬆的透過系統服務，就能掌握社群及網路輿情。

學習機會：近距離了解數據分析師工作內容，並擁有與分析師交流機會。此外，亦能訓練自身統整及分析能力，了解產業背後各項數據原因，提升洞察insight。

需要特質：擅長邏輯思考、不會害怕畫數據圖表、做簡報；因需製作美妝報告，因此期望對於美妝擁有些許瞭解。

工作內容：
1.協助分析師做數據搜集、整理、分析，完成客戶專案報告以及產業洞察報告
2.將資料視覺化與報表設計
3.各領域之資料彙整

條件：
1.工作態度積極、思緒清晰、善於溝通
2.熟悉Office文書軟體應用(EX: EXCEL、POWPERPOINT、WORD)
3.關心時事、擁有好奇心，想接觸不同產業，不排斥
4.具備邏輯以及分析能力
5.具備數據分析、行銷等相關學經歷者","{'emp': {'desc': '員工80人', 'param': '5'}}",https://www.104.com.tw/job/636rg?jobsource=apply_analyze
大數據股份有限公司,數據編輯實習生 / Data Intern,"數據編輯實習生 Data [[[Intern]]]｜探索數據世界的第一步

[我們在找誰？]
如果妳每天⼀打開手機/電腦就是逛社群、看新聞或追排⾏榜，想搞懂網路熱議話題的背後邏輯脈絡，那你就是我們要找的數據實習⽣！
我們是⼀個結合數據分析技術與網路輿情洞察的","{'emp': {'desc': '員工80人', 'param': '5'}, 'remote': {'desc': '遠端工作'}}",https://www.104.com.tw/job/8qfaf?jobsource=apply_analyze
大數據股份有限公司,數據實習工程師 (長期) / Data Engineer Intern,"【工作內容】
- 爬蟲程式維護，提升可靠度與可用率
- 爬蟲相關帳號維護
- 主管交辦事項

【必要技能】
- 熟悉Python語法
- 熟悉HTML結構，能使用套件（如beautiful soup）解析網頁資料　

【加分條件】
- 有Git使用經驗
- 有爬蟲套件與框架(如Scrapy, Puppeteer, Selenium, Playwright)使用經驗
- 有Linux, Docker使用經驗","{'emp': {'desc': '員工80人', 'param': '5'}}",https://www.104.com.tw/job/89q9w?jobsource=apply_analyze
